title1,title2
123,456
210,501.6
256,551.76
456,606.936
521,667.6296
125,734.39256
210,807.831816
